<?xml version="1.0"?>
<OSPFASConfig xmlns:xsi="http://www.w3.org/2001/XMLSchema-instance" xsi:schemaLocation="OSPF.xsd">

  <!-- Areas -->
  <Area id="0.0.0.0">
    <AddressRange address="R1>R2" mask="R1>R2" status="Advertise" />
	<AddressRange address="R1>R10" mask="R1>R10" status="Advertise" />
	<AddressRange address="R1>R4" mask="R1>R4" status="Advertise" />
	<AddressRange address="R1>R22" mask="R1>R22" status="Advertise" />
	<AddressRange address="R1>R24" mask="R1>R24" status="Advertise" />
		
	<AddressRange address="R2>R3" mask="R2>R3" status="Advertise" />
	
	<AddressRange address="R3>R6" mask="R3>R6" status="Advertise" />
	<AddressRange address="R3>R12" mask="R3>R12" status="Advertise" />
	<AddressRange address="R3>R32" mask="R3>R32" status="Advertise" />
	<AddressRange address="R3>R33" mask="R3>R33" status="Advertise" />
	
	<AddressRange address="R4>R5" mask="R4>R5" status="Advertise" />
	<AddressRange address="R4>R7" mask="R4>R7" status="Advertise" />
	
	<AddressRange address="R5>R6" mask="R5>R6" status="Advertise" />	

	<AddressRange address="R7>R8" mask="R7>R8" status="Advertise" />
	
	<AddressRange address="R8>R9" mask="R8>R9" status="Advertise" />
	<AddressRange address="R8>R11" mask="R8>R11" status="Advertise" />	
	
	<AddressRange address="R9>R12" mask="R9>R12" status="Advertise" />			

	<AddressRange address="R10>R11" mask="R10>R11" status="Advertise" />
	<AddressRange address="R10>R24" mask="R10>R24" status="Advertise" />
	
	<AddressRange address="R12>R33" mask="R12>R33" status="Advertise" />
		
  </Area>

  <Area id="0.0.0.1">
    <AddressRange address="Source" mask="Source" status="Advertise" />
    <AddressRange address="R21>R22" mask="R21>R22" status="Advertise" />
    <AddressRange address="R21>R23" mask="R21>R23" status="Advertise" />
    <AddressRange address="R21>R24" mask="R21>R24" status="Advertise" />
    
    <AddressRange address="R22>R24" mask="R21>R24" status="Advertise" />
    
    <AddressRange address="R23>R24" mask="R23>R24" status="Advertise" />
    
  </Area>

  <Area id="0.0.0.2">
    <AddressRange address="H2" mask="H2" status="Advertise" />
    <AddressRange address="R31>R32" mask="R31>R32" status="Advertise" />
    <AddressRange address="R31>R33" mask="R31>R33" status="Advertise" />
    
    <AddressRange address="R32>R33" mask="R32>R33" status="Advertise" />
    
  </Area>
  

  <!-- Routers -->
  <Router name="R1" RFC1583Compatible="true">
    <PointToPointInterface ifName="eth0" areaID="0.0.0.1" interfaceOutputCost="2" />
    <PointToPointInterface ifName="eth1" areaID="0.0.0.0" interfaceOutputCost="6" />
    <PointToPointInterface ifName="eth2" areaID="0.0.0.0" interfaceOutputCost="4" />
    <PointToPointInterface ifName="eth3" areaID="0.0.0.0" interfaceOutputCost="3" />
    <PointToPointInterface ifName="eth4" areaID="0.0.0.1" interfaceOutputCost="2" />
  </Router>

  <Router name="R2" RFC1583Compatible="true">
    <PointToPointInterface ifName="eth0" areaID="0.0.0.0" interfaceOutputCost="6" />
    <PointToPointInterface ifName="eth1" areaID="0.0.0.0" interfaceOutputCost="4" />
  </Router>
  
  <Router name="R3" RFC1583Compatible="true">
    <PointToPointInterface ifName="eth0" areaID="0.0.0.2" interfaceOutputCost="2" />
    <PointToPointInterface ifName="eth1" areaID="0.0.0.0" interfaceOutputCost="4" />
    <PointToPointInterface ifName="eth2" areaID="0.0.0.0" interfaceOutputCost="4" />
    <PointToPointInterface ifName="eth3" areaID="0.0.0.0" interfaceOutputCost="3" />
    <PointToPointInterface ifName="eth4" areaID="0.0.0.2" interfaceOutputCost="2" />
  </Router>

  <Router name="R4" RFC1583Compatible="true">
    <PointToPointInterface ifName="eth0" areaID="0.0.0.0" interfaceOutputCost="4" />
    <PointToPointInterface ifName="eth1" areaID="0.0.0.0" interfaceOutputCost="3" />
    <PointToPointInterface ifName="eth2" areaID="0.0.0.0" interfaceOutputCost="2" />
  </Router>
  
  <Router name="R5" RFC1583Compatible="true">
    <PointToPointInterface ifName="eth0" areaID="0.0.0.0" interfaceOutputCost="3" />
    <PointToPointInterface ifName="eth1" areaID="0.0.0.0" interfaceOutputCost="2" />
  </Router>
  
  <Router name="R6" RFC1583Compatible="true">
    <PointToPointInterface ifName="eth0" areaID="0.0.0.0" interfaceOutputCost="4" />
    <PointToPointInterface ifName="eth1" areaID="0.0.0.0" interfaceOutputCost="3" />
  </Router>
  
  <Router name="R7" RFC1583Compatible="true">
    <PointToPointInterface ifName="eth0" areaID="0.0.0.0" interfaceOutputCost="3" />
    <PointToPointInterface ifName="eth1" areaID="0.0.0.0" interfaceOutputCost="3" />
  </Router>
  
  <Router name="R8" RFC1583Compatible="true">
    <PointToPointInterface ifName="eth0" areaID="0.0.0.0" interfaceOutputCost="3" />
    <PointToPointInterface ifName="eth1" areaID="0.0.0.0" interfaceOutputCost="5" />
    <PointToPointInterface ifName="eth2" areaID="0.0.0.0" interfaceOutputCost="3" />
  </Router>
  
  <Router name="R9" RFC1583Compatible="true">
    <PointToPointInterface ifName="eth0" areaID="0.0.0.0" interfaceOutputCost="5" />
    <PointToPointInterface ifName="eth1" areaID="0.0.0.0" interfaceOutputCost="3" />
  </Router>
  
  <Router name="R10" RFC1583Compatible="true">
    <PointToPointInterface ifName="eth0" areaID="0.0.0.0" interfaceOutputCost="3" />
    <PointToPointInterface ifName="eth1" areaID="0.0.0.0" interfaceOutputCost="2" />
    <PointToPointInterface ifName="eth2" areaID="0.0.0.1" interfaceOutputCost="3" />
  </Router>
  
  <Router name="R11" RFC1583Compatible="true">
    <PointToPointInterface ifName="eth0" areaID="0.0.0.0" interfaceOutputCost="3" />
    <PointToPointInterface ifName="eth1" areaID="0.0.0.0" interfaceOutputCost="2" />
  </Router>
  
  <Router name="R12" RFC1583Compatible="true">
    <PointToPointInterface ifName="eth0" areaID="0.0.0.0" interfaceOutputCost="3" />
    <PointToPointInterface ifName="eth1" areaID="0.0.0.0" interfaceOutputCost="3" />
    <PointToPointInterface ifName="eth2" areaID="0.0.0.2" interfaceOutputCost="3" />
  </Router>
  
  <Router name="R21" RFC1583Compatible="true">
    <BroadcastInterface ifName="eth0" areaID="0.0.0.1" interfaceOutputCost="1" />
    <PointToPointInterface ifName="eth1" areaID="0.0.0.1" interfaceOutputCost="1" />
    <PointToPointInterface ifName="eth2" areaID="0.0.0.1" interfaceOutputCost="1" />
    <PointToPointInterface ifName="eth3" areaID="0.0.0.1" interfaceOutputCost="2" />
  </Router>
  
  <Router name="R22" RFC1583Compatible="true">
    <PointToPointInterface ifName="eth0" areaID="0.0.0.1" interfaceOutputCost="1" />
    <PointToPointInterface ifName="eth1" areaID="0.0.0.1" interfaceOutputCost="2" />
    <PointToPointInterface ifName="eth2" areaID="0.0.0.1" interfaceOutputCost="4" />
  </Router>
  
  <Router name="R23" RFC1583Compatible="true">
    <PointToPointInterface ifName="eth0" areaID="0.0.0.1" interfaceOutputCost="1" />
    <PointToPointInterface ifName="eth1" areaID="0.0.0.1" interfaceOutputCost="3" />
  </Router>
  
  <Router name="R24" RFC1583Compatible="true">
    <PointToPointInterface ifName="eth0" areaID="0.0.0.1" interfaceOutputCost="2" />
    <PointToPointInterface ifName="eth1" areaID="0.0.0.1" interfaceOutputCost="4" />
    <PointToPointInterface ifName="eth2" areaID="0.0.0.1" interfaceOutputCost="3" />
    <PointToPointInterface ifName="eth3" areaID="0.0.0.1" interfaceOutputCost="2" />
    <PointToPointInterface ifName="eth4" areaID="0.0.0.1" interfaceOutputCost="3" />
  </Router>
  
  <Router name="R31" RFC1583Compatible="true">
    <BroadcastInterface ifName="eth0" areaID="0.0.0.2" interfaceOutputCost="1" />
    <PointToPointInterface ifName="eth1" areaID="0.0.0.2" interfaceOutputCost="1" />
    <PointToPointInterface ifName="eth2" areaID="0.0.0.2" interfaceOutputCost="3" />
  </Router>
  
  <Router name="R32" RFC1583Compatible="true">
    <PointToPointInterface ifName="eth0" areaID="0.0.0.2" interfaceOutputCost="3" />
    <PointToPointInterface ifName="eth1" areaID="0.0.0.2" interfaceOutputCost="3" />
    <PointToPointInterface ifName="eth2" areaID="0.0.0.2" interfaceOutputCost="3" />
  </Router>
  
  <Router name="R33" RFC1583Compatible="true">
    <PointToPointInterface ifName="eth0" areaID="0.0.0.2" interfaceOutputCost="3" />
    <PointToPointInterface ifName="eth1" areaID="0.0.0.2" interfaceOutputCost="4" />
    <PointToPointInterface ifName="eth2" areaID="0.0.0.2" interfaceOutputCost="2" />
    <PointToPointInterface ifName="eth3" areaID="0.0.0.2" interfaceOutputCost="3" />
  </Router>
 
  

</OSPFASConfig>
