<scenario>
    <at t="80">
        <disconnect src-module="R1" src-gate="ethg$o[1]" />
        <disconnect src-module="R2" src-gate="ethg$o[0]" />
    </at>
    <at t="85">
        <disconnect src-module="R5" src-gate="ethg$o[0]" />
        <disconnect src-module="R5" src-gate="ethg$o[1]" />
        <disconnect src-module="R7" src-gate="ethg$o[0]" />
        <disconnect src-module="R7" src-gate="ethg$o[1]" />
        <disconnect src-module="R4" src-gate="ethg$o[1]" />
        <disconnect src-module="R6" src-gate="ethg$o[1]" />
        <disconnect src-module="R8" src-gate="ethg$o[0]" />
        <disconnect src-module="R4" src-gate="ethg$o[2]" />
        <tell module="lifecycleController" target="R5" operation="NodeShutdownOperation"/>
        <tell module="lifecycleController" target="R7" operation="NodeShutdownOperation"/>               
    </at>
</scenario>

