<?xml version="1.0"?>
<OSPFASConfig xmlns:xsi="http://www.w3.org/2001/XMLSchema-instance" xsi:schemaLocation="OSPF.xsd">

  <!-- Areas -->
  <Area id="0.0.0.0">
    <AddressRange address="RA>R1" mask="RA>R1" status="Advertise" />
	<AddressRange address="RA>R2" mask="RA>R2" status="Advertise" />
	
	 <AddressRange address="R1>RA" mask="R1>RA" status="Advertise" />
	<AddressRange address="R2>RA" mask="R2>RA" status="Advertise" />
	
	<AddressRange address="RA>R16" mask="RA>R16" status="Advertise" />
	<AddressRange address="R16>RA" mask="R16>RA" status="Advertise" />
	
	<AddressRange address="R1>RC" mask="R1>RC" status="Advertise" />
	<AddressRange address="R1>R4" mask="R1>R4" status="Advertise" />
	<AddressRange address="R1>RB" mask="R1>RB" status="Advertise" />
	
	<AddressRange address="RC>RB" mask="RC>RB" status="Advertise" />
	<AddressRange address="RC>R2" mask="RC>R2" status="Advertise" />
	<AddressRange address="RC>R4" mask="RC>R4" status="Advertise" />
	<AddressRange address="RC>R6" mask="RC>R6" status="Advertise" />
	
	<AddressRange address="R2>R3" mask="R2>R3" status="Advertise" />
	<AddressRange address="R2>RB" mask="R2>RB" status="Advertise" />
	<AddressRange address="R2>R6" mask="R2>R6" status="Advertise" />
	<AddressRange address="R2>R5" mask="R2>R5" status="Advertise" />
	
	<AddressRange address="R3>R6" mask="R3>R6" status="Advertise" />
	<AddressRange address="R3>R5" mask="R3>R5" status="Advertise" />
	
	<AddressRange address="R4>RB" mask="R4>RB" status="Advertise" />
	<AddressRange address="R4>R8" mask="R4>R8" status="Advertise" />
	<AddressRange address="R4>R7" mask="R4>R7" status="Advertise" />
	
	<AddressRange address="RB>R6" mask="RB>R6" status="Advertise" />
	<AddressRange address="RB>R9" mask="RB>R9" status="Advertise" />
	<AddressRange address="RB>R8" mask="RB>R8" status="Advertise" />
	<AddressRange address="RB>R7" mask="RB>R7" status="Advertise" />
	
	<AddressRange address="R6>R8" mask="R6>R8" status="Advertise" />
	<AddressRange address="R6>R9" mask="R6>R9" status="Advertise" />
	<AddressRange address="R6>R10" mask="R6>R10" status="Advertise" />
	<AddressRange address="R6>R5" mask="R6>R5" status="Advertise" />
	
	<AddressRange address="R5>R9" mask="R5>R9" status="Advertise" />
	<AddressRange address="R5>R10" mask="R5>R10" status="Advertise" />
	
	<AddressRange address="R7>R8" mask="R7>R8" status="Advertise" />
	<AddressRange address="R7>R11" mask="R7>R11" status="Advertise" />
	<AddressRange address="R7>R12" mask="R7>R12" status="Advertise" />
	
	<AddressRange address="R8>R11" mask="R8>R11" status="Advertise" />
	<AddressRange address="R8>R12" mask="R8>R12" status="Advertise" />
	<AddressRange address="R8>R13" mask="R8>R13" status="Advertise" />
	<AddressRange address="R8>R9" mask="R8>R9" status="Advertise" />
	
	<AddressRange address="R9>R12" mask="R9>R12" status="Advertise" />
	<AddressRange address="R9>R13" mask="R9>R13" status="Advertise" />
	<AddressRange address="R9>R14" mask="R9>R14" status="Advertise" />
	<AddressRange address="R9>R10" mask="R9>R10" status="Advertise" />
	
	<AddressRange address="R10>R13" mask="R10>R13" status="Advertise" />
	<AddressRange address="R10>R14" mask="R10>R14" status="Advertise" />
	
	<AddressRange address="R11>R12" mask="R11>R12" status="Advertise" />
	
	<AddressRange address="R12>R13" mask="R12>R13" status="Advertise" />
	
	<AddressRange address="R13>R14" mask="R13>R14" status="Advertise" />
	
	<AddressRange address="R3>R15" mask="R3>R15" status="Advertise" />
  </Area>

  <Area id="0.0.0.1">
    <AddressRange address="Source" mask="Source" status="Advertise" />
  </Area>

  <Area id="0.0.0.2">
    <AddressRange address="H2" mask="H2" status="Advertise" />
  </Area>
  
    <Area id="0.0.0.3">
    <AddressRange address="H3" mask="H3" status="Advertise" />
  </Area>
  
    <Area id="0.0.0.4">
    <AddressRange address="H1" mask="H1" status="Advertise" />
  </Area>
  
      <Area id="0.0.0.6">
    <AddressRange address="H4" mask="H4" status="Advertise" />
  </Area>
  
      <Area id="0.0.0.5">
    <AddressRange address="R16>R17" mask="R16>R17" status="Advertise" />
    <AddressRange address="R16>R18" mask="R16>R18" status="Advertise" />      
    
    <AddressRange address="R17>R16" mask="R17>R16" status="Advertise" />
    <AddressRange address="R17>R18" mask="R17>R18" status="Advertise" />   
    
    <AddressRange address="R18>R16" mask="R18>R16" status="Advertise" />
    <AddressRange address="R18>R17" mask="R18>R17" status="Advertise" />
    
  </Area>

  <!-- Routers -->
  <Router name="R1" RFC1583Compatible="true">
    <BroadcastInterface ifName="eth0" areaID="0.0.0.1" interfaceOutputCost="1" />
    <PointToPointInterface ifName="eth1" areaID="0.0.0.0" interfaceOutputCost="2" />
    <PointToPointInterface ifName="eth2" areaID="0.0.0.0" interfaceOutputCost="2" />
    <PointToPointInterface ifName="eth3" areaID="0.0.0.0" interfaceOutputCost="2" />
    <PointToPointInterface ifName="eth4" areaID="0.0.0.0" interfaceOutputCost="2" />
  </Router>

  <Router name="R2" RFC1583Compatible="true">
    <PointToPointInterface ifName="eth0" areaID="0.0.0.0" interfaceOutputCost="2" />
    <PointToPointInterface ifName="eth1" areaID="0.0.0.0" interfaceOutputCost="2" />
    <PointToPointInterface ifName="eth2" areaID="0.0.0.0" interfaceOutputCost="2" />
    <PointToPointInterface ifName="eth3" areaID="0.0.0.0" interfaceOutputCost="2" />
    <PointToPointInterface ifName="eth4" areaID="0.0.0.0" interfaceOutputCost="2" />
    <PointToPointInterface ifName="eth5" areaID="0.0.0.0" interfaceOutputCost="2" />
  </Router>
  
  <Router name="R3" RFC1583Compatible="true">
    <PointToPointInterface ifName="eth0" areaID="0.0.0.0" interfaceOutputCost="1" />
    <PointToPointInterface ifName="eth1" areaID="0.0.0.0" interfaceOutputCost="2" />
    <PointToPointInterface ifName="eth2" areaID="0.0.0.0" interfaceOutputCost="2" />
    <PointToPointInterface ifName="eth3" areaID="0.0.0.0" interfaceOutputCost="2" />
  </Router>

  <Router name="R4" RFC1583Compatible="true">
    <PointToPointInterface ifName="eth0" areaID="0.0.0.0" interfaceOutputCost="2" />
    <PointToPointInterface ifName="eth1" areaID="0.0.0.0" interfaceOutputCost="2" />
    <PointToPointInterface ifName="eth2" areaID="0.0.0.0" interfaceOutputCost="2" />
    <PointToPointInterface ifName="eth3" areaID="0.0.0.0" interfaceOutputCost="2" />
    <PointToPointInterface ifName="eth4" areaID="0.0.0.0" interfaceOutputCost="2" />
  </Router>
  
  <Router name="R5" RFC1583Compatible="true">
    <PointToPointInterface ifName="eth0" areaID="0.0.0.0" interfaceOutputCost="2" />
    <PointToPointInterface ifName="eth1" areaID="0.0.0.0" interfaceOutputCost="2" />
    <PointToPointInterface ifName="eth2" areaID="0.0.0.0" interfaceOutputCost="2" />
    <PointToPointInterface ifName="eth3" areaID="0.0.0.0" interfaceOutputCost="2" />
    <PointToPointInterface ifName="eth4" areaID="0.0.0.0" interfaceOutputCost="2" />
  </Router>
  
  <Router name="R6" RFC1583Compatible="true">
    <PointToPointInterface ifName="eth0" areaID="0.0.0.0" interfaceOutputCost="2" />
    <PointToPointInterface ifName="eth1" areaID="0.0.0.0" interfaceOutputCost="2" />
    <PointToPointInterface ifName="eth2" areaID="0.0.0.0" interfaceOutputCost="2" />
    <PointToPointInterface ifName="eth3" areaID="0.0.0.0" interfaceOutputCost="2" />
    <PointToPointInterface ifName="eth4" areaID="0.0.0.0" interfaceOutputCost="2" />
    <PointToPointInterface ifName="eth5" areaID="0.0.0.0" interfaceOutputCost="2" />
    <PointToPointInterface ifName="eth6" areaID="0.0.0.0" interfaceOutputCost="2" />
    <PointToPointInterface ifName="eth7" areaID="0.0.0.0" interfaceOutputCost="2" />
  </Router>
  
  <Router name="R7" RFC1583Compatible="true">
    <PointToPointInterface ifName="eth0" areaID="0.0.0.0" interfaceOutputCost="2" />
    <PointToPointInterface ifName="eth1" areaID="0.0.0.0" interfaceOutputCost="2" />
    <PointToPointInterface ifName="eth2" areaID="0.0.0.0" interfaceOutputCost="2" />
    <PointToPointInterface ifName="eth3" areaID="0.0.0.0" interfaceOutputCost="2" />
  </Router>
  
  <Router name="R8" RFC1583Compatible="true">
    <PointToPointInterface ifName="eth0" areaID="0.0.0.0" interfaceOutputCost="2" />
    <PointToPointInterface ifName="eth1" areaID="0.0.0.0" interfaceOutputCost="2" />
    <PointToPointInterface ifName="eth2" areaID="0.0.0.0" interfaceOutputCost="2" />
    <PointToPointInterface ifName="eth3" areaID="0.0.0.0" interfaceOutputCost="2" />
    <PointToPointInterface ifName="eth4" areaID="0.0.0.0" interfaceOutputCost="2" />
    <PointToPointInterface ifName="eth5" areaID="0.0.0.0" interfaceOutputCost="2" />
    <PointToPointInterface ifName="eth6" areaID="0.0.0.0" interfaceOutputCost="2" />
    <PointToPointInterface ifName="eth7" areaID="0.0.0.0" interfaceOutputCost="2" />
  </Router>
  
  <Router name="R9" RFC1583Compatible="true">
    <PointToPointInterface ifName="eth0" areaID="0.0.0.0" interfaceOutputCost="2" />
    <PointToPointInterface ifName="eth1" areaID="0.0.0.0" interfaceOutputCost="2" />
    <PointToPointInterface ifName="eth2" areaID="0.0.0.0" interfaceOutputCost="2" />
    <PointToPointInterface ifName="eth3" areaID="0.0.0.0" interfaceOutputCost="2" />
    <PointToPointInterface ifName="eth4" areaID="0.0.0.0" interfaceOutputCost="2" />
    <PointToPointInterface ifName="eth5" areaID="0.0.0.0" interfaceOutputCost="2" />
    <PointToPointInterface ifName="eth6" areaID="0.0.0.0" interfaceOutputCost="2" />
    <PointToPointInterface ifName="eth7" areaID="0.0.0.0" interfaceOutputCost="2" />
  </Router>
  
  <Router name="R10" RFC1583Compatible="true">
    <PointToPointInterface ifName="eth0" areaID="0.0.0.0" interfaceOutputCost="2" />
    <PointToPointInterface ifName="eth1" areaID="0.0.0.0" interfaceOutputCost="2" />
    <PointToPointInterface ifName="eth2" areaID="0.0.0.0" interfaceOutputCost="2" />
    <PointToPointInterface ifName="eth3" areaID="0.0.0.0" interfaceOutputCost="2" />
    <PointToPointInterface ifName="eth4" areaID="0.0.0.0" interfaceOutputCost="2" />
  </Router>
  
  <Router name="R11" RFC1583Compatible="true">
    <BroadcastInterface ifName="eth0" areaID="0.0.0.4" interfaceOutputCost="1" />
    <PointToPointInterface ifName="eth1" areaID="0.0.0.0" interfaceOutputCost="2" />
    <PointToPointInterface ifName="eth2" areaID="0.0.0.0" interfaceOutputCost="2" />
    <PointToPointInterface ifName="eth3" areaID="0.0.0.0" interfaceOutputCost="2" />
  </Router>
  
  <Router name="R12" RFC1583Compatible="true">
    <PointToPointInterface ifName="eth0" areaID="0.0.0.0" interfaceOutputCost="2" />
    <PointToPointInterface ifName="eth1" areaID="0.0.0.0" interfaceOutputCost="2" />
    <PointToPointInterface ifName="eth2" areaID="0.0.0.0" interfaceOutputCost="2" />
    <PointToPointInterface ifName="eth3" areaID="0.0.0.0" interfaceOutputCost="2" />
    <PointToPointInterface ifName="eth4" areaID="0.0.0.0" interfaceOutputCost="2" />
  </Router>
  
  <Router name="R13" RFC1583Compatible="true">
    <PointToPointInterface ifName="eth0" areaID="0.0.0.0" interfaceOutputCost="2" />
    <PointToPointInterface ifName="eth1" areaID="0.0.0.0" interfaceOutputCost="2" />
    <PointToPointInterface ifName="eth2" areaID="0.0.0.0" interfaceOutputCost="2" />
    <PointToPointInterface ifName="eth3" areaID="0.0.0.0" interfaceOutputCost="2" />
    <PointToPointInterface ifName="eth4" areaID="0.0.0.0" interfaceOutputCost="2" />
  </Router>
  
  <Router name="R14" RFC1583Compatible="true">
    <BroadcastInterface ifName="eth0" areaID="0.0.0.3" interfaceOutputCost="1" />
    <PointToPointInterface ifName="eth1" areaID="0.0.0.0" interfaceOutputCost="2" />
    <PointToPointInterface ifName="eth2" areaID="0.0.0.0" interfaceOutputCost="2" />
    <PointToPointInterface ifName="eth3" areaID="0.0.0.0" interfaceOutputCost="2" />
  </Router>
  
  
    <Router name="R15" RFC1583Compatible="true">
    <BroadcastInterface ifName="eth0" areaID="0.0.0.2" interfaceOutputCost="1" />
    <PointToPointInterface ifName="eth1" areaID="0.0.0.0" interfaceOutputCost="1" />
  </Router>
  
    <Router name="R16" RFC1583Compatible="true">
    <PointToPointInterface ifName="eth0" areaID="0.0.0.5" interfaceOutputCost="2" />
    <PointToPointInterface ifName="eth1" areaID="0.0.0.5" interfaceOutputCost="2" />
    <PointToPointInterface ifName="eth2" areaID="0.0.0.5" interfaceOutputCost="2" />
  </Router>
  
    <Router name="R17" RFC1583Compatible="true">
    <PointToPointInterface ifName="eth0" areaID="0.0.0.5" interfaceOutputCost="2" />
    <PointToPointInterface ifName="eth1" areaID="0.0.0.5" interfaceOutputCost="2" />
  </Router>
  
    <Router name="R18" RFC1583Compatible="true">
    <PointToPointInterface ifName="eth0" areaID="0.0.0.5" interfaceOutputCost="2" />
    <PointToPointInterface ifName="eth1" areaID="0.0.0.5" interfaceOutputCost="2" />
    <BroadcastInterface ifName="eth2" areaID="0.0.0.6" interfaceOutputCost="1" />
  </Router>
  
  <Router name="RA" RFC1583Compatible="true">
    <PointToPointInterface ifName="eth0" areaID="0.0.0.0" interfaceOutputCost="2" />
    <PointToPointInterface ifName="eth1" areaID="0.0.0.0" interfaceOutputCost="2" />
    <PointToPointInterface ifName="eth2" areaID="0.0.0.5" interfaceOutputCost="2" />
  </Router>
  
  <Router name="RB" RFC1583Compatible="true">
    <PointToPointInterface ifName="eth0" areaID="0.0.0.0" interfaceOutputCost="2" />
    <PointToPointInterface ifName="eth1" areaID="0.0.0.0" interfaceOutputCost="2" />
    <PointToPointInterface ifName="eth2" areaID="0.0.0.0" interfaceOutputCost="2" />
    <PointToPointInterface ifName="eth3" areaID="0.0.0.0" interfaceOutputCost="2" />
    <PointToPointInterface ifName="eth4" areaID="0.0.0.0" interfaceOutputCost="2" />
    <PointToPointInterface ifName="eth5" areaID="0.0.0.0" interfaceOutputCost="2" />
    <PointToPointInterface ifName="eth6" areaID="0.0.0.0" interfaceOutputCost="2" />
    <PointToPointInterface ifName="eth7" areaID="0.0.0.0" interfaceOutputCost="2" />
  </Router>
  
  <Router name="RC" RFC1583Compatible="true">
    <PointToPointInterface ifName="eth0" areaID="0.0.0.0" interfaceOutputCost="2" />
    <PointToPointInterface ifName="eth1" areaID="0.0.0.0" interfaceOutputCost="2" />
    <PointToPointInterface ifName="eth2" areaID="0.0.0.0" interfaceOutputCost="2" />
    <PointToPointInterface ifName="eth3" areaID="0.0.0.0" interfaceOutputCost="2" />
    <PointToPointInterface ifName="eth4" areaID="0.0.0.0" interfaceOutputCost="2" />
  </Router>

</OSPFASConfig>
